component,loss_value,input_proj_grad_norm,res_tower_grad_norm,scalar_proj_grad_norm,history_proj_grad_norm,state_proj_grad_norm,rule_proj_grad_norm,action_id_embed_grad_norm,action_proj_grad_norm,policy_mlp_grad_norm,value_head_grad_norm,rank_head_grad_norm,policy_mlp.final_linear.weight_grad_norm,policy_mlp.final_linear.bias_grad_norm,policy_mlp.hidden_layer_grad_norm,actor_grad_norm_total,critic_grad_norm_total,rank_grad_norm_total,actor_to_critic_grad_ratio
policy_loss_only,0.08509033173322678,1.8417591036672933e-06,2.401343870892536e-06,3.554053326707031e-08,0.0,3.4212852215851768e-06,0.0,4.824135194017927e-07,6.022062111581686e-06,0.003947508529724627,0.0,0.0,0.00394750671727515,9.313225746154785e-10,3.7827655738784024e-06,0.003947515795432394,0.0,0.0,3947515795.432394
value_loss_only,0.296904981136322,0.1720771598853962,0.19514204391600928,0.004262739509277133,0.0,0.4339474369742091,0.03898919573703093,0.0,0.0,0.0,0.8087394981516812,0.0,0.0,0.0,0.0,0.5059837104715438,0.8087394981516812,0.0,0.6256448604624046
rank_loss_only,1.4750064611434937,0.4408823027395662,0.5122042920995771,0.007247808496269816,0.0,1.023273927346873,0.0,0.0,0.0,0.0,0.0,0.8858330615867632,0.0,0.0,0.0,1.226324794999295,0.0,0.8858330615867632,1226324794999.2952
entropy_only,-1.4219090938568115,4.6289706660764085e-06,5.619565261054494e-06,1.0037381710287118e-07,0.0,1.1756597880715613e-05,0.0,2.681571241805145e-06,3.118070524397382e-05,0.015827101290435776,0.0,0.0,0.015827091149679378,9.313225746154785e-10,1.7916401805640764e-05,0.015827138273215073,0.0,0.0,15827138273.215073
rule_kl_only,-6.68286759264447e-09,4.867079844997293e-10,6.180620258822447e-10,1.4229206454014558e-11,0.0,1.2487017395740528e-09,0.0,2.3129272810153397e-10,2.713160673360107e-09,1.4948050324797149e-06,0.0,0.0,1.4948039936154993e-06,5.684341886080802e-14,1.7623273908895972e-09,1.4948082412830356e-06,0.0,0.0,1494808.2412830356
total_loss,0.3072931468486786,0.10256274026585097,0.11491604788687333,0.002305515512671998,0.0,0.2444910956980761,0.019494597868515463,4.824135194017927e-07,6.022062111581686e-06,0.003947508529724627,0.4043697490758406,0.044291651772540165,0.00394750671727515,9.313225746154785e-10,3.7827655738784024e-06,0.2890010517113973,0.4043697490758406,0.044291651772540165,0.7146950343636966
