config_id,iteration,seed,rule_kl_coef,entropy_coef,lr,opponent_mode,approx_kl,clip_fraction,entropy,rule_kl,rule_agreement,neural_delta_abs_mean,neural_delta_abs_max,top1_action_changed_rate,rank_pt,fourth_rate,deal_in_rate,batch_size,episode_count,illegal_action_rate,fallback_rate,forced_terminal_missed
0,0,25960425,0.05,0.01,3e-05,rule_prior_greedy,0.0,0.0,1.375840425491333,-1.97103933174958e-09,1.0,8.065472502494231e-05,0.00016511481953784823,0.0,-0.125,0.4375,0.0,238,16,0.0,0.0,0
0,1,25970425,0.05,0.01,3e-05,rule_prior_greedy,5.195675161807911e-13,0.0,1.3492026329040527,-8.047893906848458e-09,1.0,0.00010399648454040289,0.00023809605045244098,0.0,0.40625,0.1875,0.0,237,16,0.0,0.0,0
0,2,25980425,0.05,0.01,3e-05,rule_prior_greedy,2.048828337888886e-12,0.0,1.4321492910385132,-8.217403646426646e-09,1.0,0.00011696553701767698,0.000274672667728737,0.0,-0.5,0.5625,0.0,243,16,0.0,0.0,0
0,3,25990425,0.05,0.01,3e-05,rule_prior_greedy,4.99082719596089e-12,0.0,1.429823875427246,-7.572376503617306e-09,1.0,0.00012983352644369006,0.0002998991694767028,0.0,0.09375,0.3125,0.0,221,16,0.0,0.0,0
0,4,26000425,0.05,0.01,3e-05,rule_prior_greedy,5.378629399505064e-12,0.0,1.3913861513137817,-1.0453432786050598e-08,1.0,0.00014287418161984533,0.0003715470083989203,0.0,-0.21875,0.4375,0.0,228,16,0.0,0.0,0
