component,loss_value,input_proj_grad_norm,res_tower_grad_norm,scalar_proj_grad_norm,history_proj_grad_norm,state_proj_grad_norm,rule_proj_grad_norm,action_id_embed_grad_norm,action_proj_grad_norm,policy_mlp_grad_norm,value_head_grad_norm,rank_head_grad_norm,policy_mlp.final_linear.weight_grad_norm,policy_mlp.final_linear.bias_grad_norm,policy_mlp.hidden_layer_grad_norm,actor_grad_norm_total,critic_grad_norm_total,rank_grad_norm_total,actor_to_critic_grad_ratio
policy_loss_only,0.07018711417913437,2.2891681350136162e-06,2.6835408542813564e-06,2.2255977824737118e-08,0.0,3.458918217480934e-06,0.0,4.821203061113802e-07,4.352543482545267e-06,0.0041126436888331425,0.0,0.0,0.004112639301991412,6.51925802230835e-09,6.0069103678928024e-06,0.004112648987534271,0.0,0.0,4112648987.5342712
value_loss_only,0.2840203046798706,0.28307817247082356,0.3123515124161336,0.008192242924584727,0.0,0.8013892307377165,0.014769795741500995,0.0,0.0,0.0,0.6598941466765438,0.0,0.0,0.0,0.0,0.9055321811093142,0.6598941466765438,0.0,1.372238541090096
rank_loss_only,1.40389883518219,0.17255726984210523,0.19878843940415716,0.0019126269017091537,0.0,0.3409704238841271,0.0,0.0,0.0,0.0,0.0,0.4105811495406962,0.0,0.0,0.0,0.43076367432907786,0.0,0.4105811495406962,430763674329.0779
entropy_only,-1.4244487285614014,5.9541564074689094e-06,6.28171984142272e-06,8.711343815450119e-08,0.0,1.6510530340555315e-05,0.0,2.2733330325360883e-06,2.830621777843605e-05,0.022234524070277685,0.0,0.0,0.02223449698863406,3.4924596548080444e-09,3.470294178469467e-05,0.022234550019259426,0.0,0.0,22234550019.259426
rule_kl_only,-8.796797068555406e-09,9.472996590619325e-10,9.760014226954587e-10,1.155993303020127e-11,0.0,2.5209028851906955e-09,0.0,2.078685952196142e-10,2.760922251449023e-09,2.1559798427001406e-06,0.0,0.0,2.155977463957955e-06,0.0,3.202660573475769e-09,2.1559835233764577e-06,0.0,0.0,2155983.523376458
total_loss,0.2823922038078308,0.14232135064563087,0.15564318512656852,0.004063757502157043,0.0,0.4016915197083715,0.007384897870750497,4.821203061113802e-07,4.352543482545267e-06,0.0041126436888331425,0.3299470733382719,0.020529057193053868,0.004112639301991412,6.51925802230835e-09,6.0069103678928024e-06,0.4537286335618303,0.3299470733382719,0.020529057193053868,1.3751558059636242
