config_id,iteration,seed,rule_kl_coef,entropy_coef,lr,opponent_mode,approx_kl,clip_fraction,entropy,rule_kl,rule_agreement,neural_delta_abs_mean,neural_delta_abs_max,top1_action_changed_rate,rank_pt,fourth_rate,deal_in_rate,batch_size,episode_count,illegal_action_rate,fallback_rate,forced_terminal_missed
0,0,28680425,0.01,0.0,3e-05,rulebase,0.0,0.0,1.4485913515090942,-9.46085965125576e-09,1.0,2.46371200773865e-05,6.503792246803641e-05,0.0,-0.09375,0.375,0.0,240,16,0.0,0.0,0
0,1,28690425,0.01,0.0,3e-05,rulebase,4.655283862391169e-13,0.0,1.429940104484558,-1.2632932033795896e-08,1.0,1.2138758393120952e-05,5.6400964240310714e-05,0.0,-0.40625,0.5,0.0,206,16,0.0,0.0,0
0,2,28700425,0.01,0.0,3e-05,rulebase,1.0163610404678725e-12,0.0,1.4558912515640259,-1.9655283622910247e-08,1.0,1.1884989362442866e-05,6.030561780789867e-05,0.0,0.03125,0.375,0.0,226,16,0.0,0.0,0
0,3,28710425,0.01,0.0,3e-05,rulebase,1.360458620758287e-12,0.0,1.4116911888122559,-1.50517873720446e-08,1.0,1.7506128642708063e-05,6.800924165872857e-05,0.0,0.125,0.3125,0.0,229,16,0.0,0.0,0
0,4,28720425,0.01,0.0,3e-05,rulebase,1.6112158265566001e-12,0.0,1.3853545188903809,1.4690728633581784e-09,1.0,2.7974130716756918e-05,9.948942897608504e-05,0.0,-0.34375,0.5,0.0,236,16,0.0,0.0,0
