config_id,iteration,seed,rule_kl_coef,entropy_coef,lr,opponent_mode,approx_kl,clip_fraction,entropy,rule_kl,rule_agreement,neural_delta_abs_mean,neural_delta_abs_max,top1_action_changed_rate,rank_pt,fourth_rate,deal_in_rate,batch_size,episode_count,illegal_action_rate,fallback_rate,forced_terminal_missed
0,0,28660425,0.01,0.0,3e-05,rulebase,0.0,0.0,1.4083318710327148,-1.5513060280802904e-10,1.0,1.4991866919444874e-05,4.614219506038353e-05,0.0,0.125,0.3125,0.0,243,16,0.0,0.0,0
0,1,28670425,0.01,0.0,3e-05,rulebase,4.084296377666885e-13,0.0,1.450141191482544,-4.108819950943143e-09,1.0,1.8309072402189486e-05,7.077737245708704e-05,0.0,-0.53125,0.5625,0.0,228,16,0.0,0.0,0
0,2,28680425,0.01,0.0,3e-05,rulebase,1.5372496027857285e-12,0.0,1.4194865226745605,-2.8888318404085567e-09,1.0,2.7082711312687024e-05,9.940026211552322e-05,0.0,-0.0625,0.375,0.0,249,16,0.0,0.0,0
0,3,28690425,0.01,0.0,3e-05,rulebase,2.724762472941511e-12,0.0,1.4135994911193848,-4.349611781861995e-09,1.0,3.059992741327733e-05,0.00012195169256301597,0.0,-0.53125,0.5625,0.0,205,16,0.0,0.0,0
0,4,28700425,0.01,0.0,3e-05,rulebase,3.2698099870082098e-12,0.0,1.4394656419754028,-1.833501173109653e-08,1.0,3.375750748091377e-05,0.0001259933487745002,0.0,0.0,0.375,0.0,236,16,0.0,0.0,0
