config_id,iteration,seed,rule_kl_coef,entropy_coef,lr,opponent_mode,approx_kl,clip_fraction,entropy,rule_kl,rule_agreement,neural_delta_abs_mean,neural_delta_abs_max,top1_action_changed_rate,rank_pt,fourth_rate,deal_in_rate,batch_size,episode_count,illegal_action_rate,fallback_rate,forced_terminal_missed
0,0,29560425,0.01,0.01,3e-05,rulebase,0.0,0.0,1.4451732635498047,-1.0342649403582982e-08,1.0,1.8332375475438312e-05,4.2957930418197066e-05,0.0,-0.09375,0.375,0.0,212,16,0.0,0.0,0
0,1,29570425,0.01,0.01,3e-05,rulebase,5.604500153896796e-13,0.0,1.4541573524475098,-8.975587384441042e-09,1.0,3.2838543120305985e-05,7.09403320797719e-05,0.0,-0.28125,0.5,0.0,235,16,0.0,0.0,0
0,2,29580425,0.01,0.01,3e-05,rulebase,1.0098800051414059e-12,0.0,1.402714490890503,-1.7653118078442276e-08,1.0,3.421262590563856e-05,8.619457366876304e-05,0.0,0.0625,0.3125,0.0,210,16,0.0,0.0,0
0,3,29590425,0.01,0.01,3e-05,rulebase,2.440489650645805e-12,0.0,1.4102157354354858,-2.8311748501153033e-09,1.0,3.642256706370972e-05,8.43098241603002e-05,0.0,0.125,0.3125,0.0,249,16,0.0,0.0,0
0,4,29600425,0.01,0.01,3e-05,rulebase,2.5006880247091523e-12,0.0,1.4111790657043457,-1.3586050506830816e-08,1.0,3.88441767427139e-05,0.00010614053462632,0.0,-0.1875,0.4375,0.0,231,16,0.0,0.0,0
