config_id,iteration,seed,rule_kl_coef,entropy_coef,lr,opponent_mode,approx_kl,clip_fraction,entropy,rule_kl,rule_agreement,neural_delta_abs_mean,neural_delta_abs_max,top1_action_changed_rate,rank_pt,fourth_rate,deal_in_rate,batch_size,episode_count,illegal_action_rate,fallback_rate,forced_terminal_missed
0,0,21060425,0.0,0.005,0.0003,rule_prior_greedy,0.0,0.0,1.4030797481536865,9.637965980857643e-10,1.0,9.896358824335039e-05,0.00041820804472081363,0.0,-0.375,0.5,0.0,236,16,0.0,0.0,0
0,1,21070425,0.0,0.005,0.0003,rule_prior_greedy,2.119810230127861e-11,0.0,1.4348715543746948,6.0290603620671845e-09,1.0,0.00025230561732314527,0.0009097562870010734,0.0,-0.1875,0.4375,0.0,238,16,0.0,0.0,0
0,2,21080425,0.0,0.005,0.0003,rule_prior_greedy,7.175155608551975e-11,0.0,1.4390408992767334,-1.8826055381282458e-08,1.0,0.00017219275468960404,0.0008761650533415377,0.0,-0.8125,0.6875,0.0,187,16,0.0,0.0,0
0,3,21090425,0.0,0.005,0.0003,rule_prior_greedy,1.1350783507557693e-10,0.0,1.4482954740524292,-9.690797497796666e-09,1.0,0.00018694120808504522,0.0010323384776711464,0.0,-0.4375,0.5,0.0,223,16,0.0,0.0,0
0,4,21100425,0.0,0.005,0.0003,rule_prior_greedy,1.1644073205641092e-10,0.0,1.428356409072876,-9.795713573623743e-09,1.0,0.00033290026476606727,0.0010869884863495827,0.0,0.25,0.25,0.0,250,16,0.0,0.0,0
