component,loss_value,input_proj_grad_norm,res_tower_grad_norm,scalar_proj_grad_norm,history_proj_grad_norm,state_proj_grad_norm,rule_proj_grad_norm,action_id_embed_grad_norm,action_proj_grad_norm,policy_mlp_grad_norm,value_head_grad_norm,rank_head_grad_norm,policy_mlp.final_linear.weight_grad_norm,policy_mlp.final_linear.bias_grad_norm,policy_mlp.hidden_layer_grad_norm,actor_grad_norm_total,critic_grad_norm_total,rank_grad_norm_total,actor_to_critic_grad_ratio
policy_loss_only,2.473863336405202e-09,7.985188920319513e-07,9.332045642249237e-07,1.488558431148392e-08,0.0,9.421919996658438e-07,0.0,1.5018360493744803e-07,1.5090032569771436e-06,0.0030274627677859705,0.0,0.0,0.0030274622119137455,9.313225746154785e-10,1.8346017968240565e-06,0.003027463543368732,0.0,0.0,3027463543.3687325
value_loss_only,0.2518458366394043,0.0663246641659889,0.06542942336526443,0.0008072499761176509,0.0,0.08038210585085463,0.008060332670601045,0.0,0.0,0.0,0.07833518313087662,0.0,0.0,0.0,0.0,0.12305244862327674,0.07833518313087662,0.0,1.5708452282250982
rank_loss_only,1.4131087064743042,0.13110130862513056,0.14229915511587488,0.004341893098647598,0.0,0.32045862607123615,0.0,0.0,0.0,0.0,0.0,0.27074425783564227,0.0,0.0,0.0,0.3743650434122529,0.0,0.27074425783564227,374365043412.2529
entropy_only,-1.425449252128601,3.2050275866211883e-06,3.2733906539939065e-06,1.2202557343522352e-07,0.0,7.733343901188224e-06,0.0,7.020343142180113e-07,8.792536433434306e-06,0.015701341396347716,0.0,0.0,0.01570133750472037,5.587935447692871e-09,1.1054749785645974e-05,0.015701346447136243,0.0,0.0,15701346447.136244
rule_kl_only,-9.053436222927758e-09,2.88097012859866e-10,3.1651977516213633e-10,1.288061901632756e-11,0.0,8.45927672334746e-10,0.0,6.123364458861599e-11,8.64150313396452e-10,1.6266430801049394e-06,0.0,0.0,1.6266426606150016e-06,2.8421709430404007e-13,1.1682125458137922e-09,1.6266435871151375e-06,0.0,0.0,1626643.5871151374
total_loss,0.19657835364341736,0.03461775843536715,0.03326225749013095,0.0005491127014910998,0.0,0.046170899960382324,0.0040301663353005225,1.5018360493744803e-07,1.5090032569771436e-06,0.0030274627677859705,0.03916759156543831,0.013537212943514395,0.0030274622119137455,9.313225746154785e-10,1.8346017968240565e-06,0.0666782275817958,0.03916759156543831,0.013537212943514395,1.702382631068718
