component,loss_value,input_proj_grad_norm,res_tower_grad_norm,scalar_proj_grad_norm,history_proj_grad_norm,state_proj_grad_norm,rule_proj_grad_norm,action_id_embed_grad_norm,action_proj_grad_norm,policy_mlp_grad_norm,value_head_grad_norm,rank_head_grad_norm,policy_mlp.final_linear.weight_grad_norm,policy_mlp.final_linear.bias_grad_norm,policy_mlp.hidden_layer_grad_norm,actor_grad_norm_total,critic_grad_norm_total,rank_grad_norm_total,actor_to_critic_grad_ratio
policy_loss_only,6.971117159082496e-07,1.0406572202138953e-05,1.159266130529647e-05,1.3538172597100842e-07,0.0,1.6082273173166565e-05,0.0,2.592844197762029e-06,2.5666432076509592e-05,0.0029167994288579876,0.0,0.0,0.002916644163054657,9.313225746154785e-10,3.0095419993984783e-05,0.0029169994414025213,0.0,0.0,2916999441.402521
value_loss_only,0.25817957520484924,0.0724901187141893,0.08115247006656379,0.0006810366284207756,0.0,0.038107337805672596,0.001126736553466297,0.0,0.0,0.0,0.03420228244556656,0.0,0.0,0.0,0.0,0.11529602644769109,0.03420228244556656,0.0,3.371003868855431
rank_loss_only,1.4149515628814697,0.131213181652379,0.14803656150090175,0.004624458550987553,0.0,0.34663903046676586,0.0,0.0,0.0,0.0,0.0,0.3273360134532914,0.0,0.0,0.0,0.39913872981731513,0.0,0.3273360134532914,399138729817.3151
entropy_only,-1.422149419784546,3.42690188936845e-05,3.998580541733034e-05,6.475710712009513e-07,0.0,0.00010986425813517921,0.0,1.3338100052987181e-05,0.00015757156289986503,0.018731247241988255,0.0,0.0,0.018730199312692642,3.259629011154175e-09,0.00019813366016435154,0.018732310955877685,0.0,0.0,18732310955.877686
rule_kl_only,-3.13532022566676e-09,3.2707854142600973e-09,3.546977185882567e-09,4.12024919319173e-11,0.0,7.192457819494077e-09,0.0,1.8374189248027889e-09,2.1528530485248598e-08,2.3742969528773536e-06,0.0,0.0,2.374210594839947e-06,1.1368683772161603e-13,2.0250229441124604e-08,2.3744110609596138e-06,0.0,0.0,2374411.060959614
total_loss,0.1998380720615387,0.035829054017709853,0.04106153678528117,0.0003163871441167736,0.0,0.024966782573969563,0.0005633682767331485,2.592844197762029e-06,2.5666432076509592e-05,0.0029167994288579876,0.01710114122278328,0.016366800996078974,0.002916644163054657,9.313225746154785e-10,3.0095419993984783e-05,0.06001432855819154,0.01710114122278328,0.016366800996078974,3.5093756478799465
