config_id,iteration,seed,rule_kl_coef,entropy_coef,lr,opponent_mode,approx_kl,clip_fraction,entropy,rule_kl,rule_agreement,neural_delta_abs_mean,neural_delta_abs_max,top1_action_changed_rate,rank_pt,fourth_rate,deal_in_rate,batch_size,episode_count,illegal_action_rate,fallback_rate,forced_terminal_missed
0,0,29570425,0.01,0.01,3e-05,rulebase,0.0,0.0,1.4301137924194336,-3.057873954048773e-09,1.0,2.150874206563458e-05,5.997810512781143e-05,0.0,0.0,0.375,0.0,238,16,0.0,0.0,0
0,1,29580425,0.01,0.01,3e-05,rulebase,3.3502091075290896e-13,0.0,1.408544898033142,-6.1888720814806675e-09,1.0,4.868229370913468e-05,0.00010606899741105735,0.0,0.15625,0.25,0.0,205,16,0.0,0.0,0
0,2,29590425,0.01,0.01,3e-05,rulebase,1.2400339002155425e-12,0.0,1.4264888763427734,-8.237454274251377e-09,1.0,4.974886905984022e-05,0.00011418217036407441,0.0,-0.4375,0.5625,0.0,224,16,0.0,0.0,0
0,3,29600425,0.01,0.01,3e-05,rulebase,1.1755856704764867e-12,0.0,1.4046964645385742,-3.191156894288838e-09,1.0,6.598928302992135e-05,0.00017605871835257858,0.0,0.21875,0.25,0.0,237,16,0.0,0.0,0
0,4,29610425,0.01,0.01,3e-05,rulebase,1.8993016794727202e-12,0.0,1.4153252840042114,-1.5085472870879357e-09,1.0,6.907739589223638e-05,0.00019674078794196248,0.0,-0.1875,0.4375,0.0,242,16,0.0,0.0,0
