config_id,iteration,seed,rule_kl_coef,entropy_coef,lr,opponent_mode,approx_kl,clip_fraction,entropy,rule_kl,rule_agreement,neural_delta_abs_mean,neural_delta_abs_max,top1_action_changed_rate,rank_pt,fourth_rate,deal_in_rate,batch_size,episode_count,illegal_action_rate,fallback_rate,forced_terminal_missed
0,0,29580425,0.01,0.01,3e-05,rulebase,0.0,0.0,1.4112011194229126,-3.4064746579076655e-09,1.0,1.8086378986481577e-05,4.5720258640358225e-05,0.0,0.125,0.25,0.0,217,16,0.0,0.0,0
0,1,29590425,0.01,0.01,3e-05,rulebase,2.0624661375458209e-13,0.0,1.4330224990844727,9.494719455105383e-10,1.0,3.16487712552771e-05,8.551059727324173e-05,0.0,-0.28125,0.5,0.0,230,16,0.0,0.0,0
0,2,29600425,0.01,0.01,3e-05,rulebase,5.528551791714187e-13,0.0,1.4191678762435913,-1.4763472222512064e-08,1.0,3.560744153219275e-05,0.00010085217218147591,0.0,-0.21875,0.4375,0.0,235,16,0.0,0.0,0
0,3,29610425,0.01,0.01,3e-05,rulebase,9.276523776566292e-13,0.0,1.3907519578933716,-1.081175060591022e-08,1.0,5.035487629356794e-05,0.0001248415355803445,0.0,-0.46875,0.5625,0.0,231,16,0.0,0.0,0
0,4,29620425,0.01,0.01,3e-05,rulebase,6.773790512878963e-13,0.0,1.4779702425003052,-2.139985433302627e-08,1.0,5.6475852034054697e-05,0.00014103778812568635,0.0,-0.03125,0.375,0.0,236,16,0.0,0.0,0
