config_id,iteration,seed,rule_kl_coef,entropy_coef,lr,opponent_mode,approx_kl,clip_fraction,entropy,rule_kl,rule_agreement,neural_delta_abs_mean,neural_delta_abs_max,top1_action_changed_rate,rank_pt,fourth_rate,deal_in_rate,batch_size,episode_count,illegal_action_rate,fallback_rate,forced_terminal_missed
0,0,28670425,0.01,0.0,3e-05,rulebase,1.8418446887914043e-17,0.0,1.4056147336959839,-3.731688291708224e-09,1.0,1.088431145035429e-05,3.1676558137405664e-05,0.0,-0.5625,0.5625,0.0,217,16,0.0,0.0,0
0,1,28680425,0.01,0.0,3e-05,rulebase,3.138581246026756e-13,0.0,1.4449422359466553,-1.9305087306520363e-08,1.0,1.7389922504662536e-05,7.693414954701439e-05,0.0,0.125,0.3125,0.0,232,16,0.0,0.0,0
0,2,28690425,0.01,0.0,3e-05,rulebase,9.680629778699434e-13,0.0,1.4230319261550903,-1.8445351912532715e-08,1.0,2.0769275579368696e-05,8.062910637818277e-05,0.0,-0.25,0.4375,0.0,207,16,0.0,0.0,0
0,3,28700425,0.01,0.0,3e-05,rulebase,7.587786735735458e-13,0.0,1.4370235204696655,-1.4544470516852925e-08,1.0,2.2821872335043736e-05,8.844539115671068e-05,0.0,-0.28125,0.5,0.0,238,16,0.0,0.0,0
0,4,28710425,0.01,0.0,3e-05,rulebase,1.989012470351992e-12,0.0,1.4178353548049927,-8.542341056738678e-09,1.0,2.128280175384134e-05,9.33860574150458e-05,0.0,0.0,0.375,0.0,218,16,0.0,0.0,0
